{"cameraMode":{"drawMode":0,"name":"Shaded","section":"Shading Mode"},"sceneLighting":false,"audioPlay":false,"sceneViewState":{"showFog":true,"showMaterialUpdate":false,"showSkybox":false,"showFlares":true,"showImageEffects":true,"showParticleSystems":true},"in2DMode":false,"pivot":{"x":1.9027073383331299,"y":1.415146827697754,"z":-0.47818517684936526},"rotation":{"x":-0.048206791281700137,"y":0.9505985379219055,"z":-0.19102360308170319,"w":-0.23989346623420716},"size":7.26035213470459,"orthographic":false}