{"cameraMode":{"drawMode":0,"name":"Shaded","section":"Shading Mode"},"sceneLighting":true,"audioPlay":false,"sceneViewState":{"showFog":true,"showMaterialUpdate":false,"showSkybox":true,"showFlares":true,"showImageEffects":true,"showParticleSystems":true},"in2DMode":false,"pivot":{"x":6.398236274719238,"y":-7.731834411621094,"z":-10.717082977294922},"rotation":{"x":0.06968967616558075,"y":0.9005839824676514,"z":-0.3992726802825928,"w":0.15718825161457063},"size":17.775400161743165,"orthographic":false}