{"cameraMode":{"drawMode":0,"name":"Shaded","section":"Shading Mode"},"sceneLighting":false,"audioPlay":false,"sceneViewState":{"showFog":true,"showMaterialUpdate":false,"showSkybox":false,"showFlares":true,"showImageEffects":true,"showParticleSystems":true},"in2DMode":false,"pivot":{"x":-0.17000000178813935,"y":0.8427041172981262,"z":-4.389999866485596},"rotation":{"x":0.09944742172956467,"y":0.8981907963752747,"z":-0.33532413840293887,"w":0.2663685381412506},"size":2.58341646194458,"orthographic":false}