{"cameraMode":{"drawMode":0,"name":"Shaded","section":"Shading Mode"},"sceneLighting":false,"audioPlay":false,"sceneViewState":{"showFog":true,"showMaterialUpdate":false,"showSkybox":false,"showFlares":true,"showImageEffects":true,"showParticleSystems":true},"in2DMode":false,"pivot":{"x":1.5847444534301758,"y":0.26891374588012698,"z":-0.13994532823562623},"rotation":{"x":-0.13230176270008088,"y":0.7748267650604248,"z":-0.1727045327425003,"w":-0.5935621857643127},"size":3.883021593093872,"orthographic":false}