{"cameraMode":{"drawMode":0,"name":"Shaded","section":"Shading Mode"},"sceneLighting":false,"audioPlay":false,"sceneViewState":{"showFog":true,"showMaterialUpdate":false,"showSkybox":false,"showFlares":true,"showImageEffects":true,"showParticleSystems":true},"in2DMode":false,"pivot":{"x":-1.168870210647583,"y":-1.077467918395996,"z":0.2949810028076172},"rotation":{"x":-0.531587541103363,"y":-0.3216211199760437,"z":0.22805935144424439,"w":-0.749656617641449},"size":16.56035804748535,"orthographic":false}