{"cameraMode":{"drawMode":0,"name":"Shaded","section":"Shading Mode"},"sceneLighting":false,"audioPlay":false,"sceneViewState":{"showFog":true,"showMaterialUpdate":false,"showSkybox":false,"showFlares":true,"showImageEffects":true,"showParticleSystems":true},"in2DMode":false,"pivot":{"x":0.5609638094902039,"y":0.5902354717254639,"z":-7.588812351226807},"rotation":{"x":-0.23826655745506288,"y":0.6531262397766113,"z":-0.22832682728767396,"w":-0.6815605163574219},"size":16.34650230407715,"orthographic":false}