{"cameraMode":{"drawMode":0,"name":"Shaded","section":"Shading Mode"},"sceneLighting":false,"audioPlay":false,"sceneViewState":{"showFog":true,"showMaterialUpdate":false,"showSkybox":false,"showFlares":true,"showImageEffects":true,"showParticleSystems":true},"in2DMode":false,"pivot":{"x":-5.279670715332031,"y":-1.9656543731689454,"z":-2.2777655124664308},"rotation":{"x":-0.679622232913971,"y":0.04262577369809151,"z":-0.039620526134967807,"w":-0.7312659621238709},"size":16.56035804748535,"orthographic":false}