{"cameraMode":{"drawMode":0,"name":"Shaded","section":"Shading Mode"},"sceneLighting":false,"audioPlay":false,"sceneViewState":{"showFog":true,"showMaterialUpdate":false,"showSkybox":false,"showFlares":true,"showImageEffects":true,"showParticleSystems":true},"in2DMode":false,"pivot":{"x":7.690000057220459,"y":0.75,"z":-1.7999999523162842},"rotation":{"x":-0.24370786547660829,"y":0.27249154448509219,"z":-0.07155855000019074,"w":-0.9280284643173218},"size":1.1431628465652466,"orthographic":false}