{"cameraMode":{"drawMode":0,"name":"Shaded","section":"Shading Mode"},"sceneLighting":false,"audioPlay":false,"sceneViewState":{"showFog":true,"showMaterialUpdate":false,"showSkybox":false,"showFlares":true,"showImageEffects":true,"showParticleSystems":true},"in2DMode":false,"pivot":{"x":0.4183967411518097,"y":0.5140068531036377,"z":-0.773040235042572},"rotation":{"x":0.00046786569873802364,"y":0.9656620025634766,"z":-0.25979432463645937,"w":0.0017390894936397672},"size":3.4414780139923097,"orthographic":false}